{"cameraMode":{"drawMode":0,"name":"Shaded","section":"Shading Mode"},"sceneLighting":false,"audioPlay":false,"sceneViewState":{"m_AlwaysRefresh":false,"showFog":true,"showSkybox":false,"showFlares":true,"showImageEffects":true,"showParticleSystems":true,"showVisualEffectGraphs":true,"m_FxEnabled":true},"in2DMode":false,"pivot":{"x":7.8823981285095219,"y":4.275183200836182,"z":4.182259559631348},"rotation":{"x":0.0045377397909760479,"y":0.9936668276786804,"z":-0.04355991631746292,"w":0.10351574420928955},"size":1.6428718566894532,"orthographic":false}