{"cameraMode":{"drawMode":0,"name":"Shaded","section":"Shading Mode"},"sceneLighting":true,"audioPlay":false,"sceneViewState":{"m_AlwaysRefresh":false,"showFog":true,"showSkybox":true,"showFlares":true,"showImageEffects":true,"showParticleSystems":true,"showVisualEffectGraphs":true,"m_FxEnabled":true},"in2DMode":false,"pivot":{"x":154.0971221923828,"y":5.98370361328125,"z":81.27449035644531},"rotation":{"x":0.23363257944583894,"y":-0.0011562935542315245,"z":0.00028027952066622674,"w":0.9723327159881592},"size":144.3176727294922,"orthographic":false}