{"cameraMode":{"drawMode":0,"name":"Shaded","section":"Shading Mode"},"sceneLighting":false,"audioPlay":false,"sceneViewState":{"m_AlwaysRefresh":false,"showFog":true,"showSkybox":false,"showFlares":true,"showImageEffects":true,"showParticleSystems":true,"showVisualEffectGraphs":true,"m_FxEnabled":true},"in2DMode":false,"pivot":{"x":2.069999933242798,"y":2.059999942779541,"z":-0.06000000238418579},"rotation":{"x":-0.25394633412361147,"y":-0.019730424508452417,"z":0.005188365466892719,"w":-0.9670142531394959},"size":0.4330126941204071,"orthographic":false}