{"cameraMode":{"drawMode":0,"name":"Shaded","section":"Shading Mode"},"sceneLighting":false,"audioPlay":false,"sceneViewState":{"m_AlwaysRefresh":false,"showFog":true,"showSkybox":false,"showFlares":true,"showImageEffects":true,"showParticleSystems":true,"showVisualEffectGraphs":true,"m_FxEnabled":true},"in2DMode":false,"pivot":{"x":22.215869903564454,"y":3.8602612018585207,"z":59.49262619018555},"rotation":{"x":0.05169838294386864,"y":0.7318141460418701,"z":0.05586667358875275,"w":-0.6772565245628357},"size":0.9731165766716003,"orthographic":false}