{"cameraMode":{"drawMode":0,"name":"Shaded","section":"Shading Mode"},"sceneLighting":false,"audioPlay":false,"sceneViewState":{"m_AlwaysRefresh":false,"showFog":true,"showSkybox":false,"showFlares":true,"showImageEffects":true,"showParticleSystems":true,"showVisualEffectGraphs":true,"m_FxEnabled":true},"in2DMode":false,"pivot":{"x":-0.28000128269195559,"y":-1.4901161193847657e-7,"z":-4.3213367462158205e-7},"rotation":{"x":-0.239461749792099,"y":0.0005806293920613825,"z":-0.00014119117986410856,"w":-0.9709123969078064},"size":2.411616086959839,"orthographic":false}